<?xml version="1.0" encoding="UTF-8"?>
<GenRun Id="Instr_Mem_synth_1" LaunchPart="xc7a100tcsg324-1" LaunchTime="1653318560">
  <File Type="PA-TCL" Name="Instr_Mem.tcl"/>
  <File Type="RDS-PROPCONSTRS" Name="Instr_Mem_drc_synth.rpt"/>
  <File Type="REPORTS-TCL" Name="Instr_Mem_reports.tcl"/>
  <File Type="RDS-RDS" Name="Instr_Mem.vds"/>
  <File Type="RDS-UTIL" Name="Instr_Mem_utilization_synth.rpt"/>
  <File Type="RDS-UTIL-PB" Name="Instr_Mem_utilization_synth.pb"/>
  <File Type="RDS-DCP" Name="Instr_Mem.dcp"/>
  <File Type="VDS-TIMINGSUMMARY" Name="Instr_Mem_timing_summary_synth.rpt"/>
  <File Type="VDS-TIMING-PB" Name="Instr_Mem_timing_summary_synth.pb"/>
  <FileSet Name="sources" Type="BlockSrcs" RelSrcDir="$PSRCDIR/Instr_Mem">
    <File Path="$PSRCDIR/sources_1/ip/Instr_Mem/Instr_Mem.xci">
      <FileInfo>
        <Attr Name="UsedIn" Val="synthesis"/>
        <Attr Name="UsedIn" Val="implementation"/>
        <Attr Name="UsedIn" Val="simulation"/>
      </FileInfo>
    </File>
    <Config>
      <Option Name="TopModule" Val="Instr_Mem"/>
      <Option Name="UseBlackboxStub" Val="1"/>
    </Config>
  </FileSet>
  <FileSet Name="constrs_in" Type="BlockSrcs" RelSrcDir="$PSRCDIR/Instr_Mem">
    <File Path="$PSRCDIR/sources_1/ip/Instr_Mem/Instr_Mem.xci">
      <FileInfo>
        <Attr Name="UsedIn" Val="synthesis"/>
        <Attr Name="UsedIn" Val="implementation"/>
        <Attr Name="UsedIn" Val="simulation"/>
      </FileInfo>
    </File>
    <Config>
      <Option Name="TopModule" Val="Instr_Mem"/>
      <Option Name="UseBlackboxStub" Val="1"/>
    </Config>
  </FileSet>
  <FileSet Name="utils" Type="Utils" RelSrcDir="$PSRCDIR/utils_1">
    <Filter Type="Utils"/>
    <Config>
      <Option Name="TopAutoSet" Val="TRUE"/>
    </Config>
  </FileSet>
  <Strategy Version="1" Minor="2">
    <StratHandle Name="Vivado Synthesis Defaults" Flow="Vivado Synthesis 2019">
      <Desc>Vivado Synthesis Defaults</Desc>
    </StratHandle>
    <Step Id="synth_design"/>
  </Strategy>
</GenRun>
